{"R": 122.9877746909674, "G": 122.9877746909674, "B": 122.9877746909674}